{
  "project_info": {
    "project_number": "360714035813",
    "project_id": "playas-rd-2b475",
    "storage_bucket": "playas-rd-2b475.firebasestorage.app"
  },
  "client": [
    {
      "client_info": {
        "mobilesdk_app_id": "1:360714035813:android:b257f7be5740162e629c8c",
        "android_client_info": {
          "package_name": "com.playasrd.playasrd"
        }
      },
      "oauth_client": [
        {
          "client_id": "360714035813-7kf5qc8udg90ffa8f297btugkg3gop1b.apps.googleusercontent.com",
          "client_type": 1,
          "android_info": {
            "package_name": "com.playasrd.playasrd",
            "certificate_hash": "39c9f99ee2d50303517ec0ca0a8a17a448d8c0ef"
          }
        },
        {
          "client_id": "360714035813-p297q6mhuaj4dkhs165ltfm9pvjf5bsh.apps.googleusercontent.com",
          "client_type": 1,
          "android_info": {
            "package_name": "com.playasrd.playasrd",
            "certificate_hash": "3b28ecd60c45155c9a6215344fbe771250f62486"
          }
        },
        {
          "client_id": "360714035813-umnuvivqscumck27106qu5e8v9v1vben.apps.googleusercontent.com",
          "client_type": 1,
          "android_info": {
            "package_name": "com.playasrd.playasrd",
            "certificate_hash": "72f17a530f1bebe00ddd1d920f565a8d2d0508e6"
          }
        },
        {
          "client_id": "360714035813-lrrgnhe5eqvuu755ntif56i92q6u5an6.apps.googleusercontent.com",
          "client_type": 3
        }
      ],
      "api_key": [
        {
          "current_key": "AIzaSyDFS0POsHWn9azaDIAviZM8FlUSjf8_fVs"
        }
      ],
      "services": {
        "appinvite_service": {
          "other_platform_oauth_client": [
            {
              "client_id": "360714035813-lrrgnhe5eqvuu755ntif56i92q6u5an6.apps.googleusercontent.com",
              "client_type": 3
            },
            {
              "client_id": "360714035813-j1q7j0elbuep49uurma34kkofh9v27i5.apps.googleusercontent.com",
              "client_type": 2,
              "ios_info": {
                "bundle_id": "com.playasrd.playasrd"
              }
            }
          ]
        }
      }
    }
  ],
  "configuration_version": "1"
}
