{
  "$schema": "https://json.schemastore.org/firebase-indexes",
  "project": "Playas RD - playas-rd-2b475",
  "indexes": [
    {
      "collectionGroup": "reports",
      "queryScope": "COLLECTION",
      "fields": [
        {
          "fieldPath": "beachId",
          "order": "ASCENDING"
        },
        {
          "fieldPath": "timestamp",
          "order": "DESCENDING"
        }
      ]
    },
    {
      "collectionGroup": "reports",
      "queryScope": "COLLECTION",
      "fields": [
        {
          "fieldPath": "userId",
          "order": "ASCENDING"
        },
        {
          "fieldPath": "timestamp",
          "order": "DESCENDING"
        }
      ]
    },
    {
      "collectionGroup": "beaches",
      "queryScope": "COLLECTION",
      "fields": [
        {
          "fieldPath": "province",
          "order": "ASCENDING"
        },
        {
          "fieldPath": "rating",
          "order": "DESCENDING"
        }
      ]
    },
    {
      "collectionGroup": "beach_photos",
      "queryScope": "COLLECTION",
      "fields": [
        {
          "fieldPath": "beachId",
          "order": "ASCENDING"
        },
        {
          "fieldPath": "timestamp",
          "order": "DESCENDING"
        }
      ]
    }
  ],
  "fieldOverrides": []
}

