{
  "$schema": "https://json.schemastore.org/firebase-config",
  "project": {
    "name": "Playas RD",
    "id": "playas-rd-2b475",
    "description": "Descubre las mejores playas de República Dominicana"
  },
  "firestore": {
    "rules": "firestore.rules",
    "indexes": "firestore.indexes.json"
  },
  "storage": {
    "rules": "storage.rules"
  },
  "hosting": {
    "public": "build/web",
    "ignore": [
      "firebase.json",
      "**/.*",
      "**/node_modules/**"
    ],
    "rewrites": [
      {
        "source": "**",
        "destination": "/index.html"
      }
    ],
    "headers": [
      {
        "source": "**",
        "headers": [
          {
            "key": "X-Content-Type-Options",
            "value": "nosniff"
          },
          {
            "key": "X-Frame-Options",
            "value": "SAMEORIGIN"
          },
          {
            "key": "X-XSS-Protection",
            "value": "1; mode=block"
          }
        ]
      }
    ]
  },
  "functions": [
    {
      "source": "functions",
      "codebase": "default",
      "disallowLegacyRuntimeConfig": true,
      "ignore": [
        "node_modules",
        ".git",
        "firebase-debug.log",
        "firebase-debug.*.log",
        "*.local"
      ],
      "predeploy": [
        "npm --prefix \"$RESOURCE_DIR\" run lint"
      ]
    }
  ]
}
